Wagner Pimentel;wagnerppimentel@outlook.com;B치sico;
Giovanna da Silva Sauro;Gigi@outlook.com;Esporte;
Guto Roberto;Gutin@outlook.com;Completo;
Wagner Pimentel;wagnerppimentel@outlook.com;B치sico;
Wagner Pimentel;Gigi@outlook.com;Esporte;
Wagner Pimentel;wagnerppimentel@outlook.com;Esporte;
Wagner Pimentel;wagnerppimentel@outlook.com;Esporte;
Wagner Pimentel;wagnerppimentel@outlook.com;Esporte;
Band Shop;Gigi@outlook.com;Esporte;
Band Shop;wagnerppimentel@outlook.com;Esporte;
Band Shop;Gigi@outlook.com;Esporte;
Wagner Pimentel;wagnerppimentel@outlook.com;B치sico;
Wagner Pimentel;Gigi@outlook.com;Esporte;
Band Shop;wagnerppimentel@outlook.com;Esporte;
Band Shop;Gutin@outlook.com;Esporte;
Wagner Pimentel;wagnerppimentel@outlook.com;Esporte;
Fran;fran@gmail.com;Esporte;
Samuel;samuel@gmail.com;B치sico;
